iter	MAE
0	3.318973999
1	0.4029360253
2	0.1608531533
3	0.04200829886
4	3.350556559
