iter	MAE
0	270.2118279
1	8.113115144
2	106.661699
3	28.66351785
4	1.343688525
5	0.3631578288
